STATE,CITY,HOTEL_NAME,COST,START_DATE,END_DATE
Alabama,Mentone,Downtown Mentone - Baileys Bungalow,"£1,104",2025-03-15,2025-03-22
Alabama,Mentone,The Magpie Nest,£872,2025-03-15,2025-03-22
Alabama,Mentone,Rubys Roost,"£3,019",2025-03-15,2025-03-22
Alabama,Mentone,Lakefront Custom-Built Mentone Home Game Room!,"£3,419",2025-03-15,2025-03-22
Alabama,Mentone,Luxury in the Mountains Ruby's Roost Home & Loft,"£4,161",2025-03-15,2025-03-22
Alabama,Guntersville,Wyndham Garden Lake Guntersville,£626,2025-03-15,2025-03-22
Alabama,Guntersville,Hampton Inn Guntersville,£802,2025-03-15,2025-03-22
Alabama,Guntersville,Cozy 2 Bedroom Townhouse Near Lake and Restaurants,£870,2025-03-15,2025-03-22
Alabama,Guntersville,Lakeside Inn,"£2,763",2025-03-15,2025-03-22
Alabama,Guntersville,"4 Heron Haus, Luxury Tiny House, Pet Friendly, Mins to Downtown Guntersville",£764,2025-03-15,2025-03-22
Alabama,Guntersville,Homey Townhouse Near Lake & Sports Complex,£760,2025-03-15,2025-03-22
Alabama,Guntersville,Paradise Cove Cabin with Boathouse and Dock,£988,2025-03-15,2025-03-22
Alabama,Guntersville,3 Bearly Working Luxury Tiny House Firepit Mins to Lake Guntersville,£699,2025-03-15,2025-03-22
Alabama,Guntersville,Guntersville Lake Cabin with 3 Fishing Ponds!,"£1,154",2025-03-15,2025-03-22
Alabama,Guntersville,Golfers Retreat - Cabin in Resort,"£1,151",2025-03-15,2025-03-22
Alabama,Guntersville,The Lake House,"£1,497",2025-03-15,2025-03-22
Alabama,Guntersville,"Family getaway, Aframe, lake, and cozy fire pit","£2,159",2025-03-15,2025-03-22
Alabama,Guntersville,"Luxury Tiny House Mins to Lake, Downtown Guntersville Boat Parking",£742,2025-03-15,2025-03-22
Alabama,Guntersville,"6 A Little Wanderlust Lux Tiny House, Firepit, Boat Parking, 5 Mins to Lake, Downtown",£810,2025-03-15,2025-03-22
Alabama,Guntersville,"7 Le Soleil Retro Tiny House, Boat Parking, Mins to Lake Guntersville, City Harbor",£759,2025-03-15,2025-03-22
Alabama,Guntersville,Lake Guntersville Home 1 Mi to Boat Ramp!,"£1,217",2025-03-15,2025-03-22
Alabama,Guntersville,Guntersville Cabin Nestled in Kudzu Cove Resort,"£1,791",2025-03-15,2025-03-22
Alabama,Guntersville,"Peaceful Guntersville Cabin Fire Pit, Near Lake!","£1,367",2025-03-15,2025-03-22
Alabama,Guntersville,Quiet Guntersville Cottage Near Lake Boat Parking,"£1,646",2025-03-15,2025-03-22
Alabama,Guntersville,Guntersville Cabin with Lake Views!,"£1,512",2025-03-15,2025-03-22
Alabama,Guntersville,The Coco Château at Lake Guntersville - Mountain Lakes,£895,2025-03-15,2025-03-22
Alabama,Guntersville,The Lucky Lodge at Lake Guntersville - Mountain Lakes,£895,2025-03-15,2025-03-22
Alabama,Guntersville,Lizzie's By The Lake,"£1,520",2025-03-15,2025-03-22
Alabama,Guntersville,Whispering Pines,"£1,645",2025-03-15,2025-03-22
Alabama,Guntersville,Eagles Nest,"£1,645",2025-03-15,2025-03-22
Alabama,Guntersville,Keepin' it REEL,"£1,749",2025-03-15,2025-03-22
Alabama,Guntersville,Guntersville Cabin with Fire Pit and Covered Porch,"£1,752",2025-03-15,2025-03-22
Alabama,Guntersville,Cabin in Resort - half Mi to Guntersville Lake!,"£1,343",2025-03-15,2025-03-22
Alabama,Guntersville,Timberland Retreat,"£1,645",2025-03-15,2025-03-22
Alabama,Guntersville,Deluxe Glamping Tents at Lake Guntersville State Park,"£1,013",2025-03-15,2025-03-22
Alabama,Guntersville,Luxury Glamping Tents @ Lake Guntersville State Park,£979,2025-03-15,2025-03-22
Alabama,Guntersville,XLg Porch Deluxe glamping tents @ Lake Guntersville State Park,"£1,047",2025-03-15,2025-03-22
Alabama,Guntersville,"2 Villa D'Azur Luxury Tiny House Mins to Lake Guntersville, Downtown, Firepit",£820,2025-03-15,2025-03-22
Alabama,Guntersville,"5 Cozy Casita Lux Tiny House, Firepit, 5 Mins To Downtown Guntersville",£786,2025-03-15,2025-03-22
Alabama,Guntersville,Glamping Tents 2 Queens at Lake Guntersville State Park,£931,2025-03-15,2025-03-22
